epoch,iter,learning_rate,loss,loss_cls,loss_iou,loss_dfl,loss_l1
0,0,0.0,4.752035,3.197702,0.326138,1.477976,0.943648
0,20,0.00014,4.653035,3.244306,0.269032,1.457312,0.917975
0,40,0.000281,3.431184,2.341145,0.204515,1.149855,0.572659
1,0,0.0004,3.143781,2.125429,0.194779,1.073082,0.503151
1,20,0.00054,2.983071,2.008036,0.197344,1.03161,0.492426
1,40,0.000681,3.251003,2.097796,0.22326,1.060523,0.514992
2,0,0.0008,3.102422,2.018192,0.209017,1.15366,0.603078
2,20,0.00094,3.206789,2.005652,0.230668,1.110748,0.574053
2,40,0.001081,3.207581,2.071326,0.232498,1.129761,0.581246
3,0,0.0012,3.05319,1.861362,0.239858,1.150766,0.54375
3,20,0.00134,3.081536,1.898755,0.233304,1.151383,0.631302
3,40,0.001481,3.0316,1.897067,0.232737,1.160883,0.635292
4,0,0.0016,3.078523,1.926141,0.235915,1.10393,0.583705
4,20,0.00174,3.069175,1.865198,0.247189,1.201973,0.656342
4,40,0.001881,3.103399,1.818622,0.248759,1.239883,0.691736
5,0,0.002,2.943617,1.736853,0.248389,1.136164,0.577954
5,20,0.002,3.013524,1.878133,0.24941,1.166138,0.606034
5,40,0.002,2.979856,1.778955,0.23358,1.192907,0.637167
6,0,0.001999,2.831019,1.713979,0.22826,1.091712,0.553888
6,20,0.001999,2.881461,1.708787,0.229246,1.111378,0.552383
6,40,0.001998,2.824577,1.727438,0.2239,1.102772,0.552442
7,0,0.001998,2.8286,1.708969,0.22003,1.135692,0.591473
7,20,0.001997,2.902426,1.734426,0.215394,1.148954,0.596748
7,40,0.001996,2.826692,1.710965,0.213472,1.149143,0.58682
8,0,0.001995,2.796809,1.649498,0.234253,1.087062,0.555725
8,20,0.001994,2.870902,1.714278,0.220349,1.116264,0.544886
8,40,0.001993,2.735663,1.675374,0.208555,1.034439,0.46734
9,0,0.001991,2.73558,1.638337,0.208859,1.041824,0.489251
9,20,0.00199,2.784424,1.671024,0.216675,1.037151,0.510781
9,40,0.001988,2.660618,1.636831,0.199686,1.062819,0.494498
10,0,0.001986,2.708743,1.581304,0.22817,1.084051,0.514944
10,20,0.001984,2.702997,1.635429,0.215603,1.08102,0.538925
10,40,0.001982,2.53914,1.554677,0.193307,0.972981,0.451304
11,0,0.00198,2.679656,1.597556,0.213697,1.040152,0.496041
11,20,0.001978,2.62308,1.571773,0.196179,1.060222,0.478723
11,40,0.001976,2.662524,1.639682,0.220913,1.022688,0.468761
12,0,0.001973,2.668346,1.603338,0.21821,1.050422,0.504523
12,20,0.001971,2.649165,1.544591,0.204928,1.054641,0.514668
12,40,0.001968,2.665097,1.618867,0.203943,1.037092,0.47837
13,0,0.001965,2.665097,1.628922,0.206182,1.046697,0.451527
13,20,0.001962,2.562895,1.508948,0.194978,1.031284,0.463003
13,40,0.001959,2.645473,1.556972,0.215866,1.02672,0.489165
14,0,0.001956,2.629032,1.62188,0.205861,1.081565,0.495276
14,20,0.001953,2.602677,1.560624,0.198929,0.989068,0.44769
14,40,0.001949,2.570485,1.513188,0.211681,1.102398,0.526283
15,0,0.001946,2.591504,1.561483,0.190038,1.053385,0.476423
15,20,0.001942,2.52092,1.543333,0.193607,1.059152,0.469735
15,40,0.001938,2.541794,1.498423,0.211578,1.048161,0.498491
16,0,0.001935,2.51446,1.507103,0.191497,0.996423,0.434688
16,20,0.00193,2.500116,1.508427,0.197238,1.008315,0.452107
16,40,0.001926,2.48166,1.524353,0.190286,1.000121,0.423573
17,0,0.001922,2.527408,1.527924,0.205936,0.973676,0.446883
17,20,0.001918,2.414376,1.457315,0.184645,1.019944,0.468895
17,40,0.001913,2.455701,1.459154,0.199392,1.031002,0.462845
18,0,0.001909,2.42254,1.491859,0.169644,0.955527,0.389966
18,20,0.001904,2.451186,1.464605,0.19814,0.958202,0.392674
18,40,0.001899,2.538618,1.496939,0.200597,1.019975,0.451362
19,0,0.001895,2.431104,1.42643,0.197342,1.007529,0.437648
19,20,0.001889,2.439755,1.520614,0.189313,0.956293,0.402802
19,40,0.001884,2.479707,1.434608,0.192954,0.998257,0.454132
20,0,0.001879,2.495974,1.421373,0.205191,1.00838,0.443536
20,20,0.001874,2.420674,1.473722,0.194146,1.008719,0.448646
20,40,0.001868,2.471138,1.391679,0.203498,1.022244,0.432379
21,0,0.001863,2.370082,1.40653,0.179008,0.972534,0.410787
21,20,0.001857,2.442773,1.433532,0.191179,1.015662,0.428488
21,40,0.001851,2.364217,1.423162,0.186518,1.007808,0.42099
22,0,0.001846,2.396871,1.45032,0.201724,0.95721,0.422119
22,20,0.00184,2.408287,1.393298,0.194946,0.965785,0.437807
22,40,0.001833,2.436545,1.42863,0.191346,1.01219,0.416125
23,0,0.001828,2.41331,1.435704,0.179291,0.945241,0.390097
23,20,0.001821,2.378142,1.426601,0.184744,0.96437,0.406306
23,40,0.001815,2.407258,1.41284,0.195907,0.967473,0.401841
24,0,0.001809,2.307182,1.372903,0.173872,0.953268,0.395936
24,20,0.001802,2.359982,1.406903,0.18958,0.962043,0.388728
24,40,0.001795,2.367442,1.452463,0.185091,0.982353,0.402746
25,0,0.001789,2.417265,1.406572,0.18676,1.000367,0.4478
25,20,0.001782,2.224465,1.342302,0.154836,0.920437,0.352255
25,40,0.001775,2.381518,1.380367,0.191348,0.959466,0.414144
26,0,0.001768,2.358595,1.394832,0.178027,0.972081,0.399314
26,20,0.001761,2.438926,1.427175,0.178938,0.988637,0.45465
26,40,0.001753,2.267397,1.350695,0.173041,0.916377,0.363399
27,0,0.001747,2.253912,1.3487,0.173512,0.962941,0.401381
27,20,0.001739,2.305133,1.35779,0.195278,0.928332,0.388588
27,40,0.001731,2.325686,1.365467,0.190242,0.99157,0.423543
28,0,0.001724,2.202804,1.344189,0.169584,0.925842,0.370384
28,20,0.001716,2.275799,1.310495,0.173388,0.958618,0.389397
28,40,0.001708,2.31558,1.427791,0.182126,0.964052,0.398197
29,0,0.001701,2.22843,1.30044,0.169184,0.945393,0.400148
29,20,0.001693,2.327615,1.412604,0.184725,0.943677,0.395476
29,40,0.001685,2.305021,1.352919,0.171684,0.992958,0.409437
30,0,0.001677,2.299414,1.333468,0.192777,0.969474,0.406899
30,20,0.001669,1.998131,1.046834,0.182299,0.953321,0.463375
30,40,0.00166,1.949947,1.108844,0.171627,0.931295,0.420796
31,0,0.001653,1.948396,1.061798,0.173351,0.945207,0.432184
31,20,0.001644,2.022198,1.0613,0.180449,0.953938,0.461399
31,40,0.001635,1.92644,1.059142,0.159335,0.922902,0.388761
32,0,0.001627,1.944263,1.061303,0.172567,0.936333,0.436034
32,20,0.001618,1.915043,1.033297,0.160754,0.915215,0.404806
32,40,0.001609,1.917876,1.010011,0.171626,0.923422,0.405949
33,0,0.001601,1.917003,1.027086,0.167256,0.932766,0.394576
33,20,0.001592,1.941981,1.079414,0.152814,0.904616,0.373143
33,40,0.001582,1.958149,1.051191,0.169937,0.972534,0.421462
34,0,0.001574,1.960461,1.01857,0.175315,0.959956,0.405268
34,20,0.001565,1.990111,1.085102,0.173752,0.969612,0.404776
34,40,0.001555,1.975557,1.104581,0.158065,0.978738,0.415191
35,0,0.001547,1.905559,1.041502,0.157424,0.908105,0.400167
35,20,0.001537,1.884807,1.010763,0.16075,0.918944,0.376886
35,40,0.001527,1.878121,1.038008,0.155392,0.901727,0.36419
36,0,0.001519,1.894739,1.038537,0.164365,0.914835,0.367849
36,20,0.001509,1.857846,1.017388,0.158464,0.907195,0.361291
36,40,0.001499,1.897702,1.005844,0.158693,0.942487,0.377917
37,0,0.00149,1.94026,1.035191,0.167003,0.954726,0.402455
37,20,0.00148,1.897708,1.058108,0.162337,0.92711,0.379415
37,40,0.00147,1.886054,1.013917,0.165273,0.926017,0.388675
38,0,0.001461,1.937332,1.047356,0.166329,0.922195,0.397832
38,20,0.001451,1.871012,1.014734,0.150634,0.915278,0.357006
38,40,0.001441,1.964933,1.086062,0.169938,0.908969,0.370715
39,0,0.001432,1.939605,1.06277,0.165763,0.884489,0.363405
39,20,0.001421,1.856707,1.007159,0.160531,0.879023,0.367688
39,40,0.001411,1.944918,1.050664,0.155873,0.954928,0.399725
40,0,0.001402,1.9183,1.039541,0.162553,0.921355,0.392257
40,20,0.001391,1.889564,0.987417,0.166056,0.930987,0.395204
40,40,0.00138,1.905482,1.034014,0.162244,0.934223,0.396615
41,0,0.001371,1.862337,0.984296,0.148587,0.86772,0.367568
41,20,0.00136,1.940234,1.061362,0.163527,0.882357,0.368664
41,40,0.00135,1.905469,1.008948,0.167008,0.905183,0.364172
42,0,0.00134,1.881746,1.034381,0.15143,0.908941,0.390094
42,20,0.001329,1.887016,1.028003,0.161243,0.930325,0.367396
42,40,0.001318,1.882101,1.022195,0.159195,0.923605,0.379652
43,0,0.001309,1.865463,1.028477,0.162909,0.931155,0.370758
43,20,0.001298,1.821723,0.973156,0.153727,0.88738,0.351041
43,40,0.001287,1.863425,1.016384,0.157953,0.8816,0.356797
44,0,0.001277,1.854557,0.990721,0.154915,0.903558,0.362958
44,20,0.001266,1.849575,1.014685,0.153108,0.902339,0.373191
44,40,0.001255,1.849557,1.024,0.153146,0.933219,0.378018
45,0,0.001245,1.910319,1.056567,0.161382,0.934545,0.374181
45,20,0.001234,1.826665,0.992794,0.156893,0.889399,0.350813
45,40,0.001223,1.845246,0.961663,0.15005,0.906055,0.365037
46,0,0.001213,1.837353,0.974321,0.151448,0.915441,0.368423
46,20,0.001202,1.775777,0.966735,0.151716,0.89361,0.340185
46,40,0.001191,1.847776,0.974789,0.158675,0.915432,0.369997
47,0,0.001181,1.871006,1.001826,0.175169,0.93127,0.377728
47,20,0.001169,1.82739,0.978838,0.158413,0.904259,0.366155
47,40,0.001158,1.807743,0.967066,0.148123,0.88744,0.343388
48,0,0.001148,1.835967,0.966906,0.150162,0.890833,0.367409
48,20,0.001137,1.833347,0.952479,0.170208,0.899683,0.350229
48,40,0.001125,1.789534,0.957526,0.154646,0.86442,0.356531
49,0,0.001115,1.817725,1.014338,0.147258,0.868582,0.352343
49,20,0.001104,1.834681,0.994224,0.154749,0.901783,0.349326
49,40,0.001092,1.814706,0.964266,0.163261,0.889771,0.356345
50,0,0.001083,1.769574,0.951587,0.138976,0.905055,0.350597
50,20,0.001071,1.864702,1.013807,0.15457,0.876347,0.353574
50,40,0.001059,1.810309,0.946975,0.163143,0.884807,0.353902
51,0,0.00105,1.763733,0.951843,0.143648,0.853063,0.317109
51,20,0.001038,1.822394,0.98239,0.153971,0.866184,0.336934
51,40,0.001026,1.859649,0.984735,0.161348,0.90898,0.365514
52,0,0.001017,1.790365,0.925322,0.157683,0.896285,0.357477
52,20,0.001005,1.72423,0.921203,0.147149,0.861799,0.341078
52,40,0.000993,1.78181,0.944,0.160116,0.885001,0.360929
53,0,0.000983,1.743827,0.936527,0.149575,0.89628,0.321812
53,20,0.000972,1.770618,0.940302,0.155441,0.829218,0.329453
53,40,0.00096,1.799803,0.939239,0.154145,0.877425,0.326034
54,0,0.00095,1.773082,0.955234,0.151523,0.867898,0.349489
54,20,0.000939,1.770168,0.939432,0.148327,0.873298,0.32866
54,40,0.000927,1.74587,0.926374,0.146274,0.869909,0.338216
55,0,0.000917,1.700229,0.919794,0.148246,0.861486,0.347179
55,20,0.000906,1.761106,0.926935,0.14626,0.919609,0.361388
55,40,0.000894,1.774685,0.953326,0.153393,0.857142,0.35015
56,0,0.000885,1.768675,0.936389,0.147141,0.865811,0.307192
56,20,0.000873,1.74438,0.932683,0.150299,0.883692,0.331292
56,40,0.000861,1.756989,0.961536,0.151966,0.874471,0.336016
57,0,0.000852,1.720909,0.922407,0.152016,0.868031,0.332908
57,20,0.00084,1.683973,0.872394,0.147753,0.864611,0.323955
57,40,0.000829,1.722689,0.949046,0.146878,0.890076,0.319936
58,0,0.000819,1.794804,0.946371,0.156708,0.901596,0.372077
58,20,0.000808,1.744454,0.945297,0.148104,0.903734,0.349131
58,40,0.000796,1.777815,0.948346,0.150432,0.88763,0.362789
59,0,0.000787,1.76929,0.926164,0.147632,0.894271,0.341339
59,20,0.000775,1.65233,0.904065,0.142225,0.843198,0.307828
59,40,0.000764,1.763152,0.925754,0.153135,0.901011,0.356023
60,0,0.000755,1.76832,0.939885,0.160608,0.864311,0.347908
60,20,0.000743,1.757356,0.891163,0.144161,0.895364,0.360172
60,40,0.000732,1.76998,0.935296,0.147241,0.896566,0.336127
61,0,0.000723,1.690918,0.92271,0.144999,0.862595,0.343011
61,20,0.000711,1.705086,0.898981,0.148792,0.842928,0.327735
61,40,0.0007,1.681727,0.922531,0.14434,0.858625,0.301875
62,0,0.000691,1.676148,0.888546,0.143538,0.877907,0.328965
62,20,0.00068,1.672154,0.869151,0.13556,0.858841,0.316981
62,40,0.000669,1.656633,0.866971,0.149307,0.829667,0.307175
63,0,0.00066,1.68414,0.899557,0.147175,0.862376,0.328153
63,20,0.000649,1.712215,0.91217,0.157252,0.877199,0.335505
63,40,0.000638,1.656105,0.894421,0.145424,0.864243,0.326368
64,0,0.000629,1.647021,0.878499,0.14792,0.819974,0.307489
64,20,0.000618,1.649282,0.880995,0.13951,0.830129,0.288103
64,40,0.000607,1.649268,0.861919,0.143046,0.849204,0.303067
65,0,0.000598,1.715851,0.869547,0.15157,0.881789,0.317607
65,20,0.000588,1.654621,0.860928,0.139118,0.845916,0.320723
65,40,0.000577,1.72408,0.895669,0.148698,0.864905,0.32099
66,0,0.000568,1.639318,0.843149,0.143753,0.839725,0.31318
66,20,0.000558,1.629563,0.865183,0.141654,0.857549,0.315194
66,40,0.000547,1.654521,0.862677,0.145901,0.869281,0.346334
67,0,0.000539,1.63839,0.906815,0.137888,0.816944,0.302376
67,20,0.000528,1.653252,0.860035,0.14475,0.854646,0.351492
67,40,0.000518,1.643825,0.839616,0.144621,0.832949,0.31729
68,0,0.00051,1.563874,0.834902,0.137896,0.825893,0.291903
68,20,0.000499,1.63583,0.84909,0.135751,0.828098,0.31474
68,40,0.000489,1.648027,0.826627,0.143206,0.833482,0.307621
69,0,0.000481,1.709287,0.862276,0.154912,0.865129,0.325901
69,20,0.000471,1.659287,0.855398,0.14655,0.875674,0.332999
69,40,0.000461,1.701389,0.857515,0.15369,0.883104,0.326621
70,0,0.000453,1.614329,0.850491,0.140015,0.865764,0.312602
70,20,0.000443,1.611808,0.856769,0.140131,0.854361,0.30807
70,40,0.000434,1.681787,0.878852,0.143459,0.845772,0.29211
71,0,0.000426,1.60044,0.837553,0.131402,0.852011,0.302543
71,20,0.000416,1.659773,0.859918,0.140482,0.882471,0.329656
71,40,0.000407,1.668179,0.829992,0.146324,0.836967,0.30476
72,0,0.000399,1.566325,0.775105,0.130849,0.854802,0.297282
72,20,0.00039,1.620486,0.842084,0.143996,0.855362,0.330126
72,40,0.000381,1.604811,0.825852,0.141189,0.863866,0.332995
73,0,0.000373,1.64907,0.843691,0.136224,0.841124,0.33506
73,20,0.000364,1.65276,0.85426,0.146979,0.836373,0.297865
73,40,0.000355,1.595994,0.825116,0.140313,0.827421,0.289966
74,0,0.000347,1.641042,0.811281,0.15152,0.877383,0.323765
74,20,0.000339,1.690155,0.86321,0.153922,0.878528,0.340239
74,40,0.00033,1.557493,0.81715,0.13,0.832871,0.281119
75,0,0.000323,1.579964,0.834506,0.142814,0.83533,0.320931
75,20,0.000314,1.604851,0.815737,0.146638,0.841545,0.330968
75,40,0.000306,1.588387,0.839658,0.127646,0.834306,0.284988
76,0,0.000299,1.614085,0.834468,0.141872,0.829506,0.2963
76,20,0.000291,1.586389,0.839458,0.133906,0.812511,0.273946
76,40,0.000282,1.643998,0.826089,0.148051,0.82528,0.297559
77,0,0.000276,1.596464,0.823512,0.143682,0.839704,0.296772
77,20,0.000268,1.512867,0.789985,0.128638,0.786275,0.267978
77,40,0.00026,1.573951,0.824964,0.144668,0.808838,0.275499
78,0,0.000253,1.604795,0.841388,0.145236,0.838673,0.310147
78,20,0.000246,1.579065,0.798789,0.142324,0.83123,0.312874
78,40,0.000238,1.551291,0.784843,0.137835,0.870583,0.301202
79,0,0.000232,1.599356,0.803935,0.147694,0.82253,0.29549
79,20,0.000224,1.524926,0.787309,0.131568,0.832071,0.305816
79,40,0.000217,1.534189,0.778414,0.138536,0.827679,0.293769
80,0,0.000211,1.598605,0.815444,0.141134,0.829914,0.286424
80,20,0.000204,1.591301,0.821135,0.141024,0.844489,0.318957
80,40,0.000197,1.591795,0.797881,0.132859,0.860444,0.314443
81,0,0.000191,1.577335,0.799901,0.137784,0.83258,0.296509
81,20,0.000184,1.575635,0.817873,0.136945,0.845759,0.305105
81,40,0.000178,1.558693,0.799859,0.135798,0.783655,0.289932
82,0,0.000172,1.514485,0.791843,0.134764,0.808204,0.265784
82,20,0.000166,1.551211,0.757427,0.135016,0.837171,0.288604
82,40,0.000159,1.456138,0.75762,0.125707,0.817458,0.266931
83,0,0.000154,1.551961,0.794912,0.140327,0.834747,0.286198
83,20,0.000148,1.540572,0.78887,0.136975,0.834075,0.295337
83,40,0.000142,1.581072,0.818275,0.131717,0.815185,0.293653
84,0,0.000137,1.531505,0.794998,0.127562,0.843475,0.275267
84,20,0.000131,1.592466,0.842013,0.13478,0.839059,0.280113
84,40,0.000125,1.508313,0.769075,0.128898,0.807119,0.271351
85,0,0.000121,1.549125,0.77738,0.137373,0.82484,0.279616
85,20,0.000115,1.495824,0.784315,0.129402,0.806616,0.267474
85,40,0.00011,1.55612,0.796503,0.148831,0.836494,0.317239
86,0,0.000105,1.497016,0.766627,0.135715,0.79251,0.273503
86,20,0.0001,1.524451,0.782451,0.135454,0.807344,0.280609
86,40,9.5e-05,1.541018,0.763233,0.146959,0.810612,0.288187
87,0,9.1e-05,1.523869,0.771779,0.140077,0.808947,0.288264
87,20,8.6e-05,1.49441,0.783547,0.130121,0.836661,0.281229
87,40,8.2e-05,1.494325,0.780348,0.129027,0.794943,0.267203
88,0,7.8e-05,1.514709,0.777047,0.133168,0.813985,0.277456
88,20,7.3e-05,1.496962,0.751108,0.131559,0.82005,0.278878
88,40,6.9e-05,1.56184,0.781622,0.134191,0.84367,0.304625
89,0,6.5e-05,1.522342,0.734825,0.137922,0.811311,0.272088
89,20,6.1e-05,1.54439,0.751292,0.145527,0.862119,0.315164
89,40,5.7e-05,1.464298,0.755444,0.124605,0.783805,0.259102
90,0,5.4e-05,1.486497,0.751912,0.127135,0.862401,0.309502
90,20,5e-05,1.531531,0.758324,0.138698,0.834586,0.299138
90,40,4.7e-05,1.534165,0.759341,0.13843,0.809201,0.299846
91,0,4.4e-05,1.474069,0.734819,0.129977,0.817689,0.286587
91,20,4.1e-05,1.497013,0.762526,0.127704,0.792469,0.274238
91,40,3.7e-05,1.500885,0.760139,0.133348,0.848491,0.294345
92,0,3.5e-05,1.477485,0.736249,0.124748,0.772636,0.287332
92,20,3.2e-05,1.57394,0.785871,0.14783,0.815279,0.298794
92,40,2.9e-05,1.51765,0.782974,0.143044,0.839716,0.311866
93,0,2.7e-05,1.504199,0.761812,0.132501,0.820033,0.281672
93,20,2.4e-05,1.474949,0.739747,0.12801,0.811411,0.275845
93,40,2.2e-05,1.527946,0.768092,0.144235,0.80265,0.301008
94,0,2e-05,1.485252,0.753379,0.127012,0.816324,0.275075
94,20,1.7e-05,1.570603,0.803241,0.129608,0.836049,0.285047
94,40,1.5e-05,1.53385,0.76376,0.136884,0.817211,0.308919
95,0,1.4e-05,1.486816,0.742607,0.134604,0.784453,0.27005
95,20,1.2e-05,1.488463,0.764211,0.131675,0.814718,0.305906
95,40,1e-05,1.520945,0.778001,0.127922,0.856087,0.301116
96,0,9e-06,1.559315,0.775115,0.127747,0.845224,0.294144
96,20,7e-06,1.436588,0.727898,0.133503,0.816552,0.27496
96,40,6e-06,1.536699,0.786132,0.14018,0.820313,0.287219
97,0,5e-06,1.499654,0.765487,0.130995,0.840274,0.286008
97,20,4e-06,1.569759,0.791927,0.131401,0.831241,0.279889
97,40,3e-06,1.600207,0.783931,0.141604,0.846465,0.331985
98,0,2e-06,1.541344,0.766463,0.141604,0.85762,0.301751
98,20,1e-06,1.514068,0.7423,0.128472,0.822536,0.291496
98,40,1e-06,1.547473,0.768533,0.136458,0.803153,0.299397
99,0,1e-06,1.528285,0.757089,0.133409,0.825378,0.284971
99,20,0.0,1.524844,0.769634,0.129464,0.816757,0.281126
99,40,0.0,1.506511,0.74388,0.13689,0.792732,0.277421
